id,title,position,topic_id
1,Section 1,1,1
2,Section 2,2,1
3,Section 3,3,1
4,Section 4,4,1
5,Section 5,5,1
6,Section 6,6,1
7,Section 7,7,1
8,Section 8,8,1
9,Section 9,9,1
10,Section 10,10,1
11,Section 11,11,1
12,Section 12,12,1
13,Section 13,13,1
14,Section 14,14,1
15,Section 15,15,1
16,Section 1,1,2
17,Section 2,2,2
18,Section 3,3,2
19,Section 4,4,2
20,Section 5,5,2
21,Practice Test 1,1,3
22,Practice Test 2,2,3
23,Practice Test 3,3,3
24,Practice Test 4,4,3
25,Practice Test 5,5,3
26,Practice Test 6,6,3
27,Practice Test 7,7,3
28,Practice Test 8,8,3
29,Practice Test 9,9,3
30,Practice Test 10,10,3
31,Practice Test 11,11,3
32,Practice Test 12,12,3
33,Practice Test 13,13,3
34,Practice Test 14,14,3
35,Practice Test 15,15,3
36,Practice Test 16,16,3
37,Practice Test 17,17,3
38,Practice Test 18,18,3
39,Practice Test 19,19,3
40,Practice Test 20,20,3
41,Practice Test 21,21,3
42,Practice Test 22,22,3
43,Practice Test 23,23,3
44,Practice Test 24,24,3
45,Practice Test 25,25,3
46,Practice Test 26,26,3
47,Practice Test 27,27,3
48,Practice Test 28,28,3
49,Practice Test 29,29,3
50,Practice Test 30,30,3
51,Cam 19,1,4
52,Cam 18,2,4
53,Cam 17,3,4
54,Cam 16,4,4
55,Cam 15,5,4
56,Cam 14,6,4
57,Cam 13,7,4
58,Cam 12,8,4
59,Cam 11,9,4
60,Cam 10,10,4
61,Cam 9,11,4
62,Cam 8,12,4
63,Cam 7,13,4
64,Cam 6,14,4
65,Cam 5,15,4
66,Cam 4,16,4
67,Cam 3,17,4
68,Recent Actual Test 1 to 8,18,4
69,Recent Actual Test 29 to 34,19,4
70,Section 1,1,5
71,Section 2,2,5
72,Section 3,3,5
73,Section 4,4,5
74,Section 5,5,5
75,Numbers,1,6
76,Spelling Names,1,7
